{"model_type": "base", "bleu": 0.008521815925747528, "rouge": 0.13551169384813896}