{"model_type": "qlora", "bleu": 0.022758436633136564, "rouge": 0.1632664445631788}